date,iso,family_2,translation,sentence,family_0,lineage,espeak_code,family_1,sampling_rate,IPA,wave,language,cv_code,muffled_wave
2025-06-13,ita,Italic,"Unfortunately, the entire Christian family has not yet fully achieved this visible unity in truth.",Purtroppo l’intera famiglia cristiana non ha ancora raggiunto appieno questa visibile unità nella verità.,Indo-European,"['Indo-European', 'Classical Indo-European', 'Italic', 'Latino-Faliscan', 'Latinic', 'Imperial Latin', 'Romance', 'Italo-Western Romance', 'Italo-Dalmatian', 'Italian Romance', 'Italian']",it,Classical Indo-European,48000,pʊrtrˈɔpːo lintˈɛːra famˈiːʎa kristjˈaːna nˌon ˌa ankˈoːra rad͡ʒːˈunto apːjˈɛːno kwˌɛsta vizˈibile ˌʊnitˈa nˌɛlla vˌɛritˈa,2025-06-13.mp3,Italian,it,
2025-06-14,fas,Iranian,She distorted my statements.,او اظهارات مرا تحریف کرد.,Indo-European,"['Indo-European', 'Indo-Iranian', 'Iranian']",fa-pin,Indo-Iranian,48000,ˈuː ezhˈɑrɑt marˈɑ tˈahrif kˈard,2025-06-14.mp3,Persian,fa,
2025-06-15,hun,Hungarian,The value of her textbooks is confirmed by their multiple editions.,Tankönyveinek értékét minősíti azok többszöri kiadása.,Uralic,"['Uralic', 'Hungaric', 'Hungarian']",hu,Hungaric,48000,tˈɑnkøɲvɛinɛk ˈeːrteːkeːt mˈinøːʃiːti ˈɑzok tˈøbsøri kˈiɑdaːʃɑ,2025-06-15.mp3,Hungarian,hu,
2025-06-16,rus,Balto-Slavic,The doctor is crazy too.,— Доктор тоже сумасшедший.,Indo-European,"['Indo-European', 'Classical Indo-European', 'Balto-Slavic', 'Slavic', 'East Slavic', 'Russian']",ru,Classical Indo-European,48000,dˈoktʌr tˈoʒy sumaʃʃˈɛdʃyj,2025-06-16.mp3,Russian,ru,
2025-06-17,fin,Coastal Finnic,Rosina turns around in surprise.,Rosina käännähtää ihmeissään.,Uralic,"['Uralic', 'Finnic', 'Coastal Finnic', 'Neva', 'North Finnic', 'Nuclear Finnish', 'Finnish']",fi,Finnic,48000,rˈosɪna kˈæːnnæhtæː ˈihme͡issæːn,2025-06-17.mp3,Finnish,fi,
2025-06-18,yue,Classical-Middle-Modern Sinitic,I was an only child,我係獨生嘅,Sino-Tibetan,"['Sino-Tibetan', 'Sinitic', 'Classical-Middle-Modern Sinitic', 'Middle-Modern Sinitic', 'Yue-Pinghua', 'Yue Chinese']",zh-yue,Sinitic,48000,ngo5 hai6 duk6sang1 ge3,2025-06-18.mp3,Cantonese,yue,
2025-06-19,vie,Viet-Muong,Stargazing,Đang ngắm trời sao,Austroasiatic,"['Austroasiatic', 'Vietic', 'Viet-Muong', 'Vietnamese']",vi-hue,Vietic,48000,ɗˌaː1ŋ ŋˈaɜm c͡rˈəː͡ɪ2 ʂˈaː͡ʊ7,2025-06-19.mp3,Vietnamese,vi,
2025-06-20,lav,Eastern Baltic,It always worries everyone.,Vienmēr visus tas uztrauc.,Indo-European,"['Indo-European', 'Classical Indo-European', 'Balto-Slavic', 'Eastern Baltic', 'Latvian']",lv,Balto-Slavic,48000,vˈi͡enmeːʀ vˈisus tˈas ˈuztʀa͡ut͡s,2025-06-20.mp3,Latvian,lv,
2025-06-21,mal,Tamil-Kannada,"Silver is used to make coins, jewelry, spoons, bowls, mirrors, and in photography.","നാണയങ്ങൾ, ആഭരണങ്ങൾ, കരണ്ടികൾ, പാത്രങ്ങൾ, കണ്ണാടികൾ എന്നിവയുടെ നിർമ്മാണത്തിനും ഛായഗ്രഹണമേഖലയിലും വെള്ളി ഉപയോഗിക്കുന്നു",Dravidian,"['Dravidian', 'South Dravidian', 'South Dravidian I', 'Tamil-Kannada', 'Tamil-Kota', 'Tamil-Toda', 'Tamil-Irula', 'Tamil-Kodagu', 'Tamil-Malayalam', 'Malayalamoid', 'Malayalam']",ml,South Dravidian,48000,nˈaːɳəjˌɐŋŋəɭ ˈaːbʰəɾˌɐɳəŋŋəɭ kˈɐɾəɳɖˌiɡəɭ pˈaːtɾəŋŋəɭ kɐɳɳˈaːɖiɡəɭ ʲˈennivˌɐjuɖe niɾmmˈaːɳətːˌinum cʰˈaːjəɡɾˌɐhəɳˌɐmeːkʰˌɐləjˌilum vˈeɭɭi ˈubəjˌoːɡikːˌunnu,2025-06-21.mp3,Malayalam,ml,
2025-06-22,zho,Sinitic,The history is clearer.,歷史本文就更清晰了,Sino-Tibetan,"['Sino-Tibetan', 'Sinitic', 'Sinitic']",zh,Sinitic,48000,lˈi5 s.ˈi.ɜ pˈə2n wˈu͡əɜn t͡ɕˈi͡o͡u5 kˈə5ŋ t͡ɕ͡hˈi5ŋ ɕˈi5 lə2,2025-06-22.mp3,Mandarin,zh-TW,
2025-06-23,ita,Romance,"It was a beautiful summer evening, the temperature was mild, you could even wear sandals.","Era una splendida serata estiva, la temperatura era mite, si potevano addirittura indossare i sandali.",Indo-European,"['Indo-European', 'Classical Indo-European', 'Italic', 'Latino-Faliscan', 'Latinic', 'Imperial Latin', 'Romance', 'Italo-Western Romance', 'Italo-Dalmatian', 'Italian Romance', 'Italian']",it,Latino-Faliscan,48000,ˌɛra ˌʊna splˈɛndida serˈaːta estˈiːva lˌa tˌemperatˈuːra ˌɛra mˈiːte sˌɪ potˈevano ˌadːiritːˈuːra ˌindossˈaːre ˌɪ sˈandalɪ,2025-06-23.mp3,Italian,it,
2025-06-24,gle,Goidelic,You have won the All-Ireland Championship at the Scoldramaíochta festival many times.,Bhuaigh sibh Craobh na hÉireann ag an bhféile Scoldramaíochta go mion minic.,Indo-European,"['Indo-European', 'Classical Indo-European', 'Celtic', 'Nuclear Celtic', 'Core Celtic', 'Insular Celtic', 'Goidelic', 'Modern Goidelic', 'Irish']",ga,Celtic,48000,vˈui̯ɡ ʃˈɪv kɹəˈeːəvv nə hˈeːrɐn ɛɡ ən vˈeːlʲə skɐld̪ɹɐmˈiːɐxt̪ə ɡˈɔ mʲˈɔn mˈɪnʲɪk,2025-06-24.mp3,Irish,ga-IE,
2025-06-25,afr,Macro-Dutch,The conference takes place every three years under the auspices of the International Labour Organization.,Die konferensie vind elke drie jaar plaas onder leiding van die Internasionale Arbeidsorganisasie.,Indo-European,"['Indo-European', 'Classical Indo-European', 'Germanic', 'Northwest Germanic', 'West Germanic', 'Macro-Dutch', 'Middle-Modern Dutch', 'Modern Dutch', 'Global Dutch', 'Afrikaansic', 'Afrikaans']",af,Germanic,48000,di kɔnfərˈɛnsi fˈənt ˈælkə drˈi jˈɑːr plˈɑːs ˌɔnər lˈɛ͡ɪdəŋ fɐn di əntərnɐʃiunˈɑːlə ˈɐrbɛ͡ɪtsɔrxɐnˌisɑːsi,2025-06-25.mp3,Afrikaans,af,
2025-06-26,tur,Western,"Putting the newspapers aside, I walked over to her, sat down next to her, and put my hand on her forehead.","Gazeteleri bir kenara bırakarak, yanına gidip oturdum ve elimi alnına koydum.",Turkic,"['Turkic', 'Common Turkic', 'Oghuz', 'Nuclear Oghuz', 'West Oghuz', 'Turkish']",tr,Oghuz,48000,ɡazeteleɾˈɪ bɪr cenaɾˈa bɯɾakaɾˈak janɯnˈa ɟidˈɪp otʊrdˈʊm vɛ ˈelimɪ aɫnɯnˈa kɔjdˈʊm,2025-06-26.mp3,Turkish,tr,
2025-06-27,spa,Romance,It is now recognized as the hallmark of the disease.,Actualmente está reconocida como el sello distintivo de la enfermedad.,Indo-European,"['Indo-European', 'Classical Indo-European', 'Italic', 'Latino-Faliscan', 'Latinic', 'Imperial Latin', 'Romance', 'Italo-Western Romance', 'Western Romance', 'Shifted Western Romance', 'Southwestern Shifted Romance', 'West Ibero-Romance', 'Castilic', 'Spanish']",es,Latino-Faliscan,48000,ˌaktwalmˈɛnte estˈa rˌekonoθˈiða kˌomo el sˈeʎo ðˌistintˈiβo ðe la ˌɛmfɛɾmeðˈad,2025-06-27.mp3,Spanish,es,
2025-06-28,tam,South Dravidian,,கொள்ளும் நிலத்தினில் கள்ளி முளைத்திடும் தோழா - இங்கு,Dravidian,"['Dravidian', 'South Dravidian', 'South Dravidian I', 'Tamil-Kannada', 'Tamil-Kota', 'Tamil-Toda', 'Tamil-Irula', 'Tamil-Kodagu', 'Tamil-Malayalam', 'Tamiloid', 'Tamil-Paliyan', 'Tamil']",ta,South Dravidian,48000,kˈoɭɭʉm nˈilʌttˌinil kˈʌɭɭi mˈuɭa͡ɪttˌiɖʉm tˈoːɻaː ˈiŋɡʉ,2025-06-28.mp3,Tamil,ta,
2025-06-29,fra,Romance,He is also a columnist on the news site AtlasInfo.,Il est aussi éditorialiste sur le site d'information AtlasInfo.,Indo-European,"['Indo-European', 'Classical Indo-European', 'Italic', 'Latino-Faliscan', 'Latinic', 'Imperial Latin', 'Romance', 'Italo-Western Romance', 'Western Romance', 'Shifted Western Romance', 'Northwestern Shifted Romance', 'Gallo-Rhaetian', 'Oil', 'Central Oil', 'Macro-French', 'Global French', 'French']",fr-fr,Latino-Faliscan,48000,il ɛt osˌi editɔʁjalˈist syʁ lə- sˈit dɛ̃fɔʁmasjˈɔ̃ atlˈaz ɛ̃fˈo,2025-06-29.mp3,French,fr,
2025-06-30,hye,Armenic,One of the most important waterways of the Republic.,Հանրապետութեան կարեւորագոյն ջրային շնչերակներէն մէկը։,Indo-European,"['Indo-European', 'Classical Indo-European', 'Armenic', 'Eastern-Western Armenian', 'Eastern Armenian']",hy-west,Classical Indo-European,48000,hˌanɹabˌedutʰjˈan ɡˌaɹevˌoɹakʰˈujn t͡ʃʰəɹa͡ɪˈin ʃənt͡ʃʰˌeɹaɡneɹˈen mˈeɡə,2025-06-30.mp3,Armenian,hy-AM,
2025-07-01,swa,Bantoid,"denied entry to Chinese people, the law aimed to reduce",ilikataa kufika kwa Wachina sheria ililenga kupunguza,Niger-Congo,"['Niger-Congo', 'Atlantic-Congo', 'Bantoid']",sw,Atlantic-Congo,48000,ˌilikataa kufika kwa wat͡ʃina ʃeria ˌilileŋɡa kˌupuŋɡuza,2025-07-01.mp3,Swahili,sw,
2025-07-02,por,Romance,the eradication of prejudices and myths of all kinds,a extirpação de preconceitos e mitos de todo tipo,Indo-European,"['Indo-European', 'Classical Indo-European', 'Italic', 'Latino-Faliscan', 'Latinic', 'Imperial Latin', 'Romance', 'Italo-Western Romance', 'Western Romance', 'Shifted Western Romance', 'Southwestern Shifted Romance', 'West Ibero-Romance', 'Galician Romance', 'Macro-Portuguese', 'Brazil-Portugal Portuguese', 'Portuguese']",pt-pt,Latino-Faliscan,48000,ɐ ˌeʃtiɾəpɐsˈɐ̃͡ʊ̃ dɨ pɹˌekuŋsˈe͡ɪtʊz i mˈitʊʒ dɨ tˈodʊ tˈipʊ,2025-07-02.mp3,Portuguese,pt,
2025-07-03,nld,West Germanic,"But ask yourself, would you entrust your savings to politicians as bankers?","Maar vraag uzelf af, zou u uw spaargeld toevertrouwen aan politici als bankiers?",Indo-European,"['Indo-European', 'Classical Indo-European', 'Germanic', 'Northwest Germanic', 'West Germanic', 'Macro-Dutch', 'Middle-Modern Dutch', 'Modern Dutch', 'Global Dutch', 'Dutch']",nl,Germanic,48000,maːr vrˈaːx ysˈɛlf ˈɑf zʌ͡ʊ y y͡ʊ spˈaːrɣəl tˈuvərtrˌʌ͡ʊən aːn poːlˈitisˌi ɑls bɑŋkˈirs,2025-07-03.mp3,Dutch,nl,
2025-07-04,fas,Iranian,The ledge is two meters long and half a meter wide.,تاقچه دو متر درازا و نیم متر پهنا دارد.,Indo-European,"['Indo-European', 'Indo-Iranian', 'Iranian']",fa,Indo-Iranian,48000,tˈɑq1t͡ʃe dˈo mˈetr derˈɑzɑ vˈa nˈim mˈetr pahnˈɑ dˈɑrad,2025-07-04.mp3,Persian,fa,
2025-07-05,pol,Lechitic,"""I was stunned and stood there for a moment, not knowing what to do.""","""Osłupiałem i przystanąłem na chwilę, nie wiedząc, co począć.""",Indo-European,"['Indo-European', 'Classical Indo-European', 'Balto-Slavic', 'Slavic', 'West Slavic', 'Lechitic', 'Polish-Silesian', 'Polish']",pl,Balto-Slavic,48000,ˌɔswupʲˈawɛm i pʃˌɨstanˈɔwɛm na hfˈilɛ ɲʲɛ vʲˈɛd͡ʑɔnt͡s t͡sˈɔ pˈɔt͡ʃɔɲt͡ɕ,2025-07-05.mp3,Polish,pl,
2025-07-06,hin,Shaurasenic,These apps will make your train journey easier,ये एप्स आपके ट्रेन के सफर को बनाएंगे और आसान,Indo-European,"['Indo-European', 'Classical Indo-European', 'Indo-Iranian', 'Indo-Aryan', 'Middle-Modern Indo-Aryan', 'Continental Indo-Aryan', 'Midlands Indo-Aryan', 'Shaurasenic', 'Indo-Aryan Central zone', 'Western Hindi', 'Hindustani', 'Hindi']",hi,Indo-Iranian,48000,jeː ˈeːps ˌaːpkˌeː ʈɾˈeːn keː sˈʌpʰəɾ koː bˌənaːˈẽːɡeː ɔːɾ aːsˈaːn,2025-07-06.mp3,Hindi,hi,
2025-07-07,vie,Viet-Muong,I took the pack of cigarettes out to the porch to get some fresh air.,Tôi cầm bao thuốc ra bên ngoài hiên hóng gió,Austroasiatic,"['Austroasiatic', 'Vietic', 'Viet-Muong', 'Vietnamese']",vi,Vietic,48000,t̪ˈo͡ɪ1 ɡˈə2m bˈaː͡ʊ1 tˈu͡əɜk͡h zˈaː1 bˈe1n ŋˈɔ͡i2 hˈi͡ɛ1n hˈɔɜ zˈɔɜ,2025-07-07.mp3,Vietnamese,vi,
2025-07-08,nep,Eastern Pahari,"If anyone has a program that can be held on their campus, please let me know.",यदि कसैको क्याम्पसमा कार्यक्रम गर्न मिल्ने छ भने भन्नु है ।,Indo-European,"['Indo-European', 'Classical Indo-European', 'Indo-Iranian', 'Indo-Aryan', 'Middle-Modern Indo-Aryan', 'Continental Indo-Aryan', 'Midlands Indo-Aryan', 'Indo-Aryan Northern zone', 'Eastern Pahari']",ne,Indo-Iranian,48000,jˈʌdɪ kəsˈɛːkoː kːjˈaːmpəsˌəmaː kˈaːɾrjəkɾˌəmə ɡˈʌɾrnə mˈɪlneː cʰˈə bʰˈʌneː bʰˈʌnnˌuʲu hˈɛː puɾɳˌəwˈiɾˈaːm,2025-07-08.mp3,Nepali,ne-NP,
2025-07-09,vie,Viet–Mường,"Looking at the clock, it was already ten o'clock at night.",Nhìn đồng hồ lúc này cũng đã là mười giờ tối,Austroasiatic,"['Austroasiatic', 'Vietic', 'Viet-Muong', 'Vietnamese']",vi-hue,Vietic,48000,ɲˈi2ŋ ɗˈo2 hˈo2 lˌuɜk͡h nˈa͡ɪ2 ɡˈu5ŋ ɗˌaː5 lˌaː2 mˈy͡ə2j ʝˈəː2 t̪ˈo͡ɪɜ,2025-07-09.mp3,Vietnamese,vi,
2025-07-10,ell,Modern Koineic,His knees buckled for a moment and he leaned against the wall.,Τα γόνατά του κόπηκαν προς στιγμή και ακούμπησε τον τοίχο.,Indo-European,"['Indo-European', 'Classical Indo-European', 'Graeco-Phrygian', 'Greek', 'South Greek', 'Central Greek', 'Koineic Greek', 'Modern Koineic Greek', 'Nuclear Modern Greek', 'Modern Greek']",el,Graeco-Phrygian,48000,ta ɣˈonatˈa tu kˈopikˌam brˈos stiɣmˈi ke akˈubisˌe ton dˈixo,2025-07-10.mp3,Greek,el,
2025-07-11,cym,Brythonic,Porridge is oatmeal boiled in water or milk.,Blawd ceirch wedi'i ferwi mewn dŵr neu laeth ydy uwd.,Indo-European,"['Indo-European', 'Classical Indo-European', 'Celtic', 'Nuclear Celtic', 'Core Celtic', 'Insular Celtic', 'Brythonic', 'Old-Modern Welsh', 'Welsh']",cy,Celtic,48000,blˈa͡ʊd kˈə͡ɪrx wɛdˈiːɨ vˈɛrwɨ me͡ʊn dˈuːr nˈə͡ɨ lˈɑ͡ɨθ ˈʌdø ˈɨ͡ud,2025-07-11.mp3,Welsh,cy,
2025-07-12,mkd,South Slavic,"The houses are incredibly realistic, with modern details, bridges, towers, and balconies.","Куќичките се неверојатно реални, со модерни детали, мостови, кули и балкони.",Indo-European,"['Indo-European', 'Classical Indo-European', 'Balto-Slavic', 'Slavic', 'South Slavic', 'Eastern South Slavic', 'Macedo-Bulgarian', 'Macedonian']",mk,Balto-Slavic,48000,kʊk^ˈit͡ɕkɪtˌe se nˌeverˈojætnˌo rˈeælnˌɪ s mˈodernˌɪ dˈetælˌɪ mˈostovˌɪ kˈulɪ i bˈalkonˌɪ,2025-07-12.mp3,Macedonian,mk,
2025-07-13,lit,Eastern Baltic,Its area is about half the area of Abruzzo.,Jos plotas sudaro apie pusę Abrucų ploto.,Indo-European,"['Indo-European', 'Classical Indo-European', 'Balto-Slavic', 'Eastern Baltic', 'Lithuanian']",lt,Balto-Slavic,48000,jˈoːs pl̩ˈoːtas sudˈaroː ˈapʲi͡e pˈuʂe͡ɑ abrˈut͡suː pl̩ˈoːtoː,2025-07-13.mp3,Lithuanian,lt,
2025-07-14,fin,Coastal Finnic,"Or has some other species, perhaps a bacterium, wiped out the entire animal population?","Vai onko jokin muu laji, bakteeri kenties, tuhonnut koko eläinkannan?",Uralic,"['Uralic', 'Finnic', 'Coastal Finnic', 'Neva', 'North Finnic', 'Nuclear Finnish', 'Finnish']",fi,Finnic,48000,va͡i ˈoŋko jˈokɪn mˈuː lˈajɪ bˈakteːrɪ kˈenti͡es tˈuhonnut kˈoko ˈelæ͡iŋkˌannan,2025-07-14.mp3,Finnish,fi,
2025-07-15,afr,Macro-Dutch,Your school choir performed the choral works below during your school's annual arts festival.,Jou skoolkoor het die koorwerke hieronder gedurende jou skool se jaarlikse kunstefees uitgevoer.,Indo-European,"['Indo-European', 'Classical Indo-European', 'Germanic', 'Northwest Germanic', 'West Germanic', 'Macro-Dutch', 'Middle-Modern Dutch', 'Modern Dutch', 'Global Dutch', 'Afrikaansic', 'Afrikaans']",af,Germanic,48000,jə͡ʊ skˈʊ͡əlkʊ͡ər hɛ di kˈʊ͡ərværkə hˈiːrɔnər xədˈyrəndə jə͡ʊ skˈʊ͡əl sə jˈɑːrləksə kˈœnstəfˌi͡əs ˈø͡ytxəfˌuːr,2025-07-15.mp3,Afrikaans,af,
2025-07-16,spa,Romance,"Come on, Ulysses, I haven't exchanged even four words with her.","venga, Ulises , si no he cruzado ni cuatro palabras con ella.",Indo-European,"['Indo-European', 'Classical Indo-European', 'Italic', 'Latino-Faliscan', 'Latinic', 'Imperial Latin', 'Romance', 'Italo-Western Romance', 'Western Romance', 'Shifted Western Romance', 'Southwestern Shifted Romance', 'West Ibero-Romance', 'Castilic', 'Spanish']",es,Latino-Faliscan,48000,bɛŋɡa  ulises  si no e kɾuθaðo ni kwatɾo palaβɾas kɔn eʎa,2025-07-16.mp3,Spanish,es,
2025-07-17,cat,Romance,"His uncle, Pat Malone, was a stage, film and television actor.","El seu oncle, Pat Malone, era actor de teatre, cinema i televisió.",Indo-European,"['Indo-European', 'Classical Indo-European', 'Italic', 'Latino-Faliscan', 'Latinic', 'Imperial Latin', 'Romance', 'Italo-Western Romance', 'Western Romance', 'Shifted Western Romance', 'Southwestern Shifted Romance', 'Catalan']",ca,Latino-Faliscan,48000,əl sɛw oŋklə  pat mɐlonə  ˌɛɾɐ ɐktoɾ ðə tɛˌatɾə  sinɛmɐ i tələβizjo,2025-07-17.mp3,Catalan,ca,
2025-07-18,dan,North Germanic,"There's another candle for you, my little friend!","Der har du et lys til, min lille ven!",Indo-European,"['Indo-European', 'Classical Indo-European', 'Germanic', 'Northwest Germanic', 'North Germanic', 'South Scandinavian', 'Danish']",da,Germanic,48000,dεɐ̯ hɑ du et lʔ͡ys tʔ͡el  min lʔ͡ilə ʋεn,2025-07-18.mp3,Danish,da,
2025-07-19,gle,Goidelic,I thank you all for the truly warm welcome.,gabhaim buíochas libhse ar fad as ucht na fíorchaoin fáilte.,Indo-European,"['Indo-European', 'Classical Indo-European', 'Celtic', 'Nuclear Celtic', 'Core Celtic', 'Insular Celtic', 'Goidelic', 'Modern Goidelic', 'Irish']",ga,Celtic,48000,ɡa͡ʊəm bwiːɐxɐs lʲɪvʃə ɛr fAd̪ As ʊxt̪ nə fˌiːrxəiːn fɑːi̯lʲt͡ʃə,2025-07-19.mp3,Irish,ga-IE,
2025-07-20,ell,Modern Koineic,"and placed it in front of them, on an iron pan.","και τον ακούμπησε μπροστά τους, σε σιδερένιο ταψί.",Indo-European,"['Indo-European', 'Classical Indo-European', 'Graeco-Phrygian', 'Greek', 'South Greek', 'Central Greek', 'Koineic Greek', 'Modern Koineic Greek', 'Nuclear Modern Greek', 'Modern Greek']",el,Graeco-Phrygian,48000,ke ton akubisˌe brosta tus  se sˌiðereɲo tapsi,2025-07-20.mp3,Greek,el,
2025-07-21,fra,Romance,Do you want me for your husband?,Voulez-vous de moi pour votre mari ?,Indo-European,"['Indo-European', 'Classical Indo-European', 'Italic', 'Latino-Faliscan', 'Latinic', 'Imperial Latin', 'Romance', 'Italo-Western Romance', 'Western Romance', 'Shifted Western Romance', 'Northwestern Shifted Romance', 'Gallo-Rhaetian', 'Oil', 'Central Oil', 'Macro-French', 'Global French', 'French']",fr-fr,Latino-Faliscan,48000,vulevu də- mwˌa puʁ vɔtʁ maʁi,2025-07-21.mp3,French,fr,
2025-07-22,rus,East Slavic,"I bought paint to paint the balcony, and they painted the doors in the kitchen.","Я купил краску покрасить балкон, а они покрасили на кухне двери.",Indo-European,"['Indo-European', 'Classical Indo-European', 'Balto-Slavic', 'Slavic', 'East Slavic', 'Russian']",ru,Balto-Slavic,48000,j͡a kupʲiɭ krɑsku pʌkrasʲitʲ bɑɭkʌn_  a onɪ pʌkrɑsʲiɭɪ na kuxni dvʲerʲɪ,2025-07-22.mp3,Russian,ru,
2025-07-23,slk,West Slavic,patent owner;,majiteľ patentu; nositeľ patentu; držiteľ patentu,Indo-European,"['Indo-European', 'Classical Indo-European', 'Balto-Slavic', 'Slavic', 'West Slavic', 'Czech-Slovak', 'Slovak']",sk,Balto-Slavic,48000,majitʲeʎ patentu  nositʲeʎ patentu  dr̩ʒitʲeʎ patentu,2025-07-23.mp3,Slovak,sk,
2025-07-24,vie,Viet–Mường,Only then did I remember what Thao said last night.,Em lúc bấy giờ mới nhớ lại lời của Thảo nói đêm qua,Austroasiatic,"['Austroasiatic', 'Vietic', 'Viet-Muong', 'Vietnamese']",vi-sgn,Vietic,48000,ɛ1m lˌu-ɜk͡h bə͡ɪɜ ʝəː2 mə-ɜ ɲəːɜ laː͡ɪ6 lə-2 ɡˌu͡ə4 taː͡ʊ4 nɔ͡ɪɜ ɗe1m waː7,2025-07-24.mp3,Vietnamese,vi,
2025-07-25,ind,Malayo-Chamic,Everyone is registered by year of birth and grouped into generations.,Semua orang terdaftar berdasarkan tahun kelahiran dan dikelompokkan menjadi beberapa generasi.,Austronesian,"['Austronesian', 'Malayo-Polynesian', 'Malayo-Chamic', 'Malayic', 'Nuclear Malayic', 'Standard Malay-Indonesian', 'Standard Indonesian']",id,Malayo-Polynesian,48000,səmua oraŋ tərdaftar bərdasarkan tahun kəlahiran dan dˌikəlompokkan mənd͡ʒadi bəbərapa ɡˌɛnərasi,2025-07-25.mp3,Indonesian,id,
2025-07-26,srp,South Slavic,All right!,Све по реду!,Indo-European,"['Indo-European', 'Classical Indo-European', 'Balto-Slavic', 'Slavic', 'South Slavic', 'Western South Slavic', 'Serbian-Croatian-Bosnian', 'Shtokavski', 'New Shtokavian', 'Eastern Herzegovinian Shtokavian', 'Serbian Standard']",sr,Balto-Slavic,48000,svɛ po rɛdʊ,2025-07-26.mp3,Serbian,sr,
2025-07-27,hun,Hungaric,"The next day, Cécile refuses to let anyone into her room.",Cécile másnap nem hajlandó senkit sem a szobájába fogadni.,Uralic,"['Uralic', 'Ugric', 'Hungaric']",hu,Ugric,48000,t͡seːt͡silɛ maːʃnɑp nɛmhɑjlɑndoː ʃɛnkit ʃɛm ˌɑ sobaːjaːbɑ fˌoɡɑdni,2025-07-27.mp3,Hungarian,hu,
2025-07-28,mal,Tamil-Kannada,Cases will pile up and things will get to the point where healthcare systems cannot handle it.,"കേസുകൾ കുമിഞ്ഞു കൂടുകയും, ആരോഗ്യസംവിധാനങ്ങൾക്ക് കൈകാര്യം ചെയ്യാൻ കഴിയാത്ത നിലയിലേക്ക് കാര്യങ്ങൾ പോകും.",Dravidian,"['Dravidian', 'South Dravidian', 'South Dravidian I', 'Tamil-Kannada', 'Tamil-Kota', 'Tamil-Toda', 'Tamil-Irula', 'Tamil-Kodagu', 'Tamil-Malayalam', 'Malayalamoid', 'Malayalam']",ml,South Dravidian,48000,keːsuɡəɭ kumiɲɲu kuːɖuɡˌɐjum aːɾoːɡjˌɐsəmvˌidʰaːnˌɐŋŋəɭkːɨ ka͡ɪɡaːɾjəm cejjaːn kɐr.ijˌaːtːɐ niləjˌileːkːɨ kaːɾjəŋŋəɭ poːɡum,2025-07-28.mp3,Malayalam,ml,
2025-07-29,pol,Lechitic,The draft resolution in question is in line with this,Przedmiotowy projekt rezolucji jest z tym zgodny,Indo-European,"['Indo-European', 'Classical Indo-European', 'Balto-Slavic', 'Slavic', 'West Slavic', 'Lechitic', 'Polish-Silesian', 'Polish']",pl,Balto-Slavic,48000,pʃˌɛdmʲɔtɔvɨ prɔjɛkt rˌɛzɔlut͡sji jɛst s tɨm zɡɔdnɨ,2025-07-29.mp3,Polish,pl,
2025-07-30,ces,Slavic,He was already a member of student organizations during his studies.,Už během studií byl členem studentských organizací.,Indo-European,"['Indo-European', 'Classical Indo-European', 'Balto-Slavic', 'Slavic', 'West Slavic', 'Czech-Slovak', 'Czech']",cs,Balto-Slavic,48000,uʒ bjehem stuɟiiː bil t͡ʃlenem studentskiːx orɡanˌizat͡siː,2025-07-30.mp3,Czech,cs,
2025-07-31,nep,Eastern Pahari,The by-road is winding and winding.,बाइरोड को बाटो त घुम्ती नै घुम्ती भाको छ ।,Indo-European,"['Indo-European', 'Classical Indo-European', 'Indo-Iranian', 'Indo-Aryan', 'Middle-Modern Indo-Aryan', 'Continental Indo-Aryan', 'Midlands Indo-Aryan', 'Indo-Aryan Northern zone', 'Eastern Pahari']",ne,Indo-Iranian,48000,bˌaːɪɾoːɖ koː baːʈoː tə ɡʰumti nɛː ɡʰumti bʰaːkoː cʰə puɾɳˌəwiɾaːm,2025-07-31.mp3,Nepali,ne-NP,
2025-08-01,isl,West Scandinavian,The playing season is from late May to mid-September.,Leiktími er frá enduðum maí til miðs septembers.,Indo-European,"['Indo-European', 'Classical Indo-European', 'Germanic', 'Northwest Germanic', 'North Germanic', 'West Scandinavian', 'Icelandic-Faroese', 'Icelandic']",is,Germanic,48000,le͡ɪtdimɪ ɛːr fəra͡ʊː ɛndyðym maːi tɪːl# mɪðs sɛfdɛmbɛrr#s,2025-08-01.mp3,Icelandic,is,
2025-08-02,est,Baltic-Finnic,"The latter gives a youthful and sophisticated appearance, which women really like.","Viimane annab seejuures noorusliku ja väljapeetud välimuse, mis naistele väga meeldib.",Uralic,"['Uralic', 'Finno-Ugric', 'Baltic-Finnic']",et,Finno-Ugric,48000,viːmane annab seːjuːres noːruslˌiku ja vˌæʎjapeːtːud væʎɪmˌuse  mis naistˌele væɡɑ meːʎdib,2025-08-02.mp3,Estonian,et,
2025-08-03,fra,Romance,"His mother Olga Davidovna Petrenko, née Weintraub, is a musicologist.","Sa mère Olga Davidovna Petrenko, née Weintraub, est musicologue.",Indo-European,"['Indo-European', 'Classical Indo-European', 'Italic', 'Latino-Faliscan', 'Latinic', 'Imperial Latin', 'Romance', 'Italo-Western Romance', 'Western Romance', 'Shifted Western Romance', 'Northwestern Shifted Romance', 'Gallo-Rhaetian', 'Oil', 'Central Oil', 'Macro-French', 'Global French', 'French']",fr-be,Latino-Faliscan,48000,sa- mɛʁ ɔlɡa davidɔvna pətʁɑ̃ko  newajntʁɔːb  ɛ myzikɔlɔɡ,2025-08-03.mp3,French,fr,
2025-08-04,por,Romance,Certifications will be issued with the approval of the President.,As certificações serão emitidas com a aprovação do Presidente.,Indo-European,"['Indo-European', 'Classical Indo-European', 'Italic', 'Latino-Faliscan', 'Latinic', 'Imperial Latin', 'Romance', 'Italo-Western Romance', 'Western Romance', 'Shifted Western Romance', 'Southwestern Shifted Romance', 'West Ibero-Romance', 'Galician Romance', 'Macro-Portuguese', 'Brazil-Portugal Portuguese', 'Portuguese']",pt-br,Latino-Faliscan,48000,as sˌeɾət͡ʃifˌikasõjs seɾˌɐ̃͡ʊ̃ ˌemit͡ʃidæs koŋ a ˌaprovasɐ̃͡ʊ̃ dʊ prˌezide͡ɪŋt͡ʃy,2025-08-04.mp3,Portuguese,pt,
2025-08-05,swe,North Germanic,"The large, high window looked out onto the city and the sea.","Det stora, höga fönstret vette mot staden och havet.",Indo-European,"['Indo-European', 'Classical Indo-European', 'Germanic', 'Northwest Germanic', 'North Germanic', 'North Scandinavian', 'East-Central Swedic', 'East Swedic', 'Swedish']",sv,Germanic,48000,deːt stuːra  høːɡa fœnstrət vɛtːə muːt stɑːdɛn ɔk hɑːvət,2025-08-05.mp3,Swedish,sv-SE,
2025-08-06,deu,High German,This was completed by his son-in-law Georges Bizet.,Diese wurde von seinem Schwiegersohn Georges Bizet vervollständigt.,Indo-European,"['Indo-European', 'Classical Indo-European', 'Germanic', 'Northwest Germanic', 'West Germanic', 'High German', 'Upper German', 'Middle-Modern High German', 'Modern High German', 'Upper Franconian', 'Global German', 'German']",de,Germanic,48000,dˌiːzə vˌʊ͡ɐdə fɔn zˌa͡ɪnəm ʃviːɡɜzˌoːn ɡeːɔɾɡəs biːt͡sət fɛɾfɔlʃtˌɛndɪçt,2025-08-06.mp3,German,de,
2025-08-07,yue,Classical-Middle-Modern Sinitic,"A good night’s sleep makes the excellent you, better than the weekdays",美好睡眠，令到出色嘅你，會比平日更出色,Sino-Tibetan,"['Sino-Tibetan', 'Sinitic', 'Classical-Middle-Modern Sinitic', 'Middle-Modern Sinitic', 'Yue-Pinghua', 'Yue Chinese']",zh-yue,Sinitic,48000,le1tə1 le1tə1 le1tə1 le1tə1 le1tə1 le1tə1 le1tə1 le1tə1 le1tə1 le1tə1 le1tə1 le1tə1 le1tə1 le1tə1 le1tə1 le1tə1 le1tə1,2025-08-07.mp3,Cantonese,yue,
2025-08-08,spa,Romance,"Until then, the Jacobite forces had encountered almost negligible resistance.",Las fuerzas jacobitas se encontraron hasta ese momento con una resistencia casi testimonial.,Indo-European,"['Indo-European', 'Classical Indo-European', 'Italic', 'Latino-Faliscan', 'Latinic', 'Imperial Latin', 'Romance', 'Italo-Western Romance', 'Western Romance', 'Shifted Western Romance', 'Southwestern Shifted Romance', 'West Ibero-Romance', 'Castilic', 'Spanish']",es,Latino-Faliscan,48000,las fwɛɾθas xˌakoβitas se ˌɛnkɔntɾaɾɔn ˌasta ese momɛnto kɔn una rˌesistɛnθja kasi tˌestimonjal,2025-08-08.mp3,Spanish,es,
2025-08-09,gle,Goidelic,There's no sore throat like your own sore throat.,Níl aon tóin thinn mar do thóin thinn féin,Indo-European,"['Indo-European', 'Classical Indo-European', 'Celtic', 'Nuclear Celtic', 'Core Celtic', 'Insular Celtic', 'Goidelic', 'Modern Goidelic', 'Irish']",ga,Celtic,48000,nʲiːlʲ eːən t̪oːi̯n hʲiːn mAr dɐ hoːi̯n hʲiːn heːn,2025-08-09.mp3,Irish,ga-IE,
2025-08-10,vie,Viet-Muong,Time goes by endlessly,Thời gian bước triền miên,Austroasiatic,"['Austroasiatic', 'Vietic', 'Viet-Muong', 'Vietnamese']",vi,Vietic,48000,təː͡ɪ2 zaː1n by͡əɜk͡h t͡ʃi͡ɛ2n mi͡ɛ7n,2025-08-10.mp3,Vietnamese,vi,
2025-08-11,sqi,Albanoid,Macedonian Prime Minister visits Dublin.,Kryeministri maqedonas viziton Dublinin.,Indo-European,"['Indo-European', 'Classical Indo-European', 'Albanian']",sq,Classical Indo-European,48000,krˌy͡ɛministri mˌat͡ɕedɔnas vˌizitɔn dubɫinɪn,2025-08-11.mp3,Albanian,sq,
2025-08-12,tam,South Dravidian,"They showed him to the doctor, fearing that he would have another attack like this.",மறுபடியும் இது போன்ற மனத்தாக்குதல் வருமோ என்று அஞ்சி வைத்தியரிடம் காட்டினார்கள்.,Dravidian,"['Dravidian', 'South Dravidian', 'South Dravidian I', 'Tamil-Kannada', 'Tamil-Kota', 'Tamil-Toda', 'Tamil-Irula', 'Tamil-Kodagu', 'Tamil-Malayalam', 'Tamiloid', 'Tamil-Paliyan', 'Tamil']",ta,South Dravidian,48000,mʌrʉbˌʌɖijʉm idʉ poːnrʌ mʌnʌttˌaːkkˌʉdʌl vʌɾʉmoː ʲenrʉ aɲd͡ʒi va͡ɪddijˌʌɾiɖʌm kaːʈʈinˌaːɾɡʌɭ,2025-08-12.mp3,Tamil,ta,
2025-08-13,dan,North Germanic,"said the queen, something that is profound and instructive!","sagde dronningen, et, som er dybsindigt og belærende!",Indo-European,"['Indo-European', 'Classical Indo-European', 'Germanic', 'Northwest Germanic', 'North Germanic', 'South Scandinavian', 'Danish']",da,Germanic,48000,saə dɐ̯ʔ͡ʌnʔ͡eŋən  et  sʔ͡ʌm ɛɐ̯ dʔ͡ybsʔ͡endit ʌ bʔ͡elɛʌnə,2025-08-13.mp3,Danish,da,
2025-08-14,swa,Bantoid,that helped the country eliminate the friction of,hiyo ikasaidia nchi kuondoa msuguano wa,Niger-Congo,"['Niger-Congo', 'Atlantic-Congo', 'Bantoid']",sw,Atlantic-Congo,48000,hijo ˌikasˌaidia n̩t͡ʃi kˌuondoa msˌuɡuano wa,2025-08-14.mp3,Swahili,sw,
2025-08-15,hye,Armenic,"As a radio operator, she fights for her love at sea and wins.",Որպես ռադիստուհի՝ նա ծովում պայքարում է իր սիրո համար և հաղթում։,Indo-European,"['Indo-European', 'Classical Indo-European', 'Armenic', 'Eastern-Western Armenian', 'Eastern Armenian']",hy,Classical Indo-European,48000,vorpes rˌadistuhi  na t͡sovum pˌa͡ɪkʰaɹum e ir siɹo hamar jev haʀtʰum,2025-08-15.mp3,Armenian,hy-AM,
2025-08-16,bul, Slavic,The leader's body was quickly carried away.,Тялото на предводителя бързо беше отнесено.,Indo-European,"['Indo-European', 'Classical Indo-European', 'Balto-Slavic', 'Slavic', 'South Slavic', 'Eastern South Slavic', 'Macedo-Bulgarian', 'Bulgarian']",bg,Balto-Slavic,48000,tʲaɫoto nˌɐpredvˌoditelɐ bərzo beʃe ˌotneseno,2025-08-16.mp3,Bulgarian,bg,
2025-08-17,nld,West Germanic,The types of measures are increasing and the number of actors is also growing.,De vormen van maatregelen nemen toe en ook het aantal actoren groeit.,Indo-European,"['Indo-European', 'Classical Indo-European', 'Germanic', 'Northwest Germanic', 'West Germanic', 'Macro-Dutch', 'Middle-Modern Dutch', 'Modern Dutch', 'Global Dutch', 'Dutch']",nl,Germanic,48000,də vɔrmən vɑn maːtreːɣələn neːmən tu ɛn oːk hət aːntˌɑl ɑktoːrən ɣrujt,2025-08-17.mp3,Dutch,nl,
2025-08-18,mkd,South Slavic,"It was not clear who had the right of way, because the traffic lights were not working.","Не беше јасно кој има првенство на минување, бидејќи семафорите не работеа.",Indo-European,"['Indo-European', 'Classical Indo-European', 'Balto-Slavic', 'Slavic', 'South Slavic', 'Eastern South Slavic', 'Macedo-Bulgarian', 'Macedonian']",mk,Balto-Slavic,48000,ne beʃe jasno koj ˌɪmæ pr̩venstvˌo na mɪnuvæɲˌe  bidejk^ˌɪ sˌemæforɪtˌe ne ræboteˌæ,2025-08-18.mp3,Macedonian,mk,
2025-08-19,ron,Romance,Young people are not the only problematic category.,Tinerii nu reprezintă singura categorie problematică.,Indo-European,"['Indo-European', 'Classical Indo-European', 'Italic', 'Latino-Faliscan', 'Latinic', 'Imperial Latin', 'Romance', 'Eastern Romance', 'Northern Romanian', 'Eastern Romanian', 'Romanian']",ro,Latino-Faliscan,48000,tineɾˌi͡ɪ nu reprezintə siŋɡuɾˌa kˌateɡoɾje prˌoblematikə,2025-08-19.mp3,Romanian,ro,
2025-08-20,por,Romance,Language support for languages in India has improved in recent months.,O suporte linguístico das línguas na Índia melhorou nos últimos meses.,Indo-European,"['Indo-European', 'Classical Indo-European', 'Italic', 'Latino-Faliscan', 'Latinic', 'Imperial Latin', 'Romance', 'Italo-Western Romance', 'Western Romance', 'Shifted Western Romance', 'Southwestern Shifted Romance', 'West Ibero-Romance', 'Galician Romance', 'Macro-Portuguese', 'Brazil-Portugal Portuguese', 'Portuguese']",pt-pt,Latino-Faliscan,48000,ʊ sˌupɔɾətɨ lˌiŋɡwiʃtikʊ dɐʒ liŋɡwɐʒ nɐ iŋdjɐ mˌeʎuɾow nʊz ultimʊʒ mezɨs,2025-08-20.mp3,Portuguese,pt,
2025-08-21,zho,Sinitic,Isn’t computerization being promoted now?,現在不是正在推動電腦化？,Sino-Tibetan,"['Sino-Tibetan', 'Sinitic', 'Sinitic']",zh,Sinitic,48000,ɕi͡ɛ5n t͡sa͡i5 pu5 s.i.5 t͡s.ə5ŋ t͡sa͡i5 t͡hu͡e͡i5 to͡n͡ɡ5 ti͡ɛ5n nɑ͡u2 xwɑ5,2025-08-21.mp3,Mandarin,zh-TW,
2025-08-22,fin,Coastal Finnic,"After about half an hour, she came back out the door looking very disappointed.",Noin puolen tunnin jälkeen hän oli palannut ovista ulos kovin pettyneen näköisenä.,Uralic,"['Uralic', 'Finnic', 'Coastal Finnic', 'Neva', 'North Finnic', 'Nuclear Finnish', 'Finnish']",fi,Finnic,48000,no͡im pu͡olen tunnɪn jælkeːn hæn ˌolɪ palannut ovɪsta ulos kovɪm petːyneːn nækø͡isˌenæ,2025-08-22.mp3,Finnish,fi,
2025-08-23,lit,Eastern Baltic,The tower now houses a book museum.,Dabar bokšte įrengtas knygos muziejus.,Indo-European,"['Indo-European', 'Classical Indo-European', 'Balto-Slavic', 'Eastern Baltic', 'Lithuanian']",lt,Balto-Slavic,48000,dabar boːkɕtʲe iːrʲenktas knʲiːɡoːs muʑi͡ejus,2025-08-23.mp3,Lithuanian,lt,
2025-08-24,spa,Romance,"Thus, stations, bus stops, and the signaling system completed their final day.","Así, estaciones, paraderos y el sistema de señalización cumplieron su última jornada.",Indo-European,"['Indo-European', 'Classical Indo-European', 'Italic', 'Latino-Faliscan', 'Latinic', 'Imperial Latin', 'Romance', 'Italo-Western Romance', 'Western Romance', 'Shifted Western Romance', 'Southwestern Shifted Romance', 'West Ibero-Romance', 'Castilic', 'Spanish']",es-la,Latino-Faliscan,48000,asi  ˌestasjones  pˌaɾaðɛɾɔs i el sistema ðe sˌeɲalˌisasjɔn kˌumpliɛɾɔn su ultima xɔɾnaða,2025-08-24.mp3,Spanish,es,
2025-08-25,hin,Shaurasenic,Will the Gondwana Ganatantra Party become a major force in Jaisinghnagar Assembly?,क्या गोंडवाना गणतंत्र पार्टी जयसिंहनगर विधानसभा में बनेगी बड़ी ताकत?,Indo-European,"['Indo-European', 'Classical Indo-European', 'Indo-Iranian', 'Indo-Aryan', 'Middle-Modern Indo-Aryan', 'Continental Indo-Aryan', 'Midlands Indo-Aryan', 'Shaurasenic', 'Indo-Aryan Central zone', 'Western Hindi', 'Hindustani', 'Hindi']",hi,Indo-Iranian,48000,kːjaː ɡˌõɖʋaːnaː ɡˌəɳətʌntɾə paːɾʈi ɟˌəjsĩhənˌəɡəɾ wɪdʰaːnəsbʰaː mẽː bəneːɡi bʌr.i taːkət,2025-08-25.mp3,Hindi,hi,
2025-08-26,ita,Romance,"His main interest, however, remained poetry.",Il suo interesse principale rimaneva comunque la poesia.,Indo-European,"['Indo-European', 'Classical Indo-European', 'Italic', 'Latino-Faliscan', 'Latinic', 'Imperial Latin', 'Romance', 'Italo-Western Romance', 'Italo-Dalmatian', 'Italian Romance', 'Italian']",it,Latino-Faliscan,48000,ˌil sˌʊo ˌinterɛsse prˌint͡ʃipaːle rˌimaneːva komunkwe lˌa pˌoeziːa,2025-08-26.mp3,Italian,it,
2025-08-27,kat,Georgic,It was mandatory for students to complete a summer internship.,მოსწავლეთათვის სავალდებულო იყო საზაფხულო პრაქტიკის გავლა.,Kartvelian,"['Kartvelian', 'Karto-Zan', 'Georgic', 'Georgian']",ka,Karto-Zan,48000,most͡savlˌetʰatʰvis savaldˌebulo iqo sazapʰxˌulo prakʰtikis ɡavla,2025-08-27.mp3,Georgian,ka,
2025-08-28,fas,Iranian,Months ago I decided to take action.,ماهها پیش تصمیم گرفتم اقدامی انجام دهم,Indo-European,"['Indo-European', 'Indo-Iranian', 'Iranian']",fa,Indo-Iranian,48000,mɑhhɑ piʃ tasmim ɡereftam eq1dɑmi aːnd͡ʒɑm dahom,2025-08-28.mp3,Persian,fa,
2025-08-29,hye,Armenic,"He is fluent in Armenian, Russian, English, and French.","Տիրապետում է հայերեն, ռուսերեն, անգլերեն և ֆրանսերեն լեզուներին։",Indo-European,"['Indo-European', 'Classical Indo-European', 'Armenic', 'Eastern-Western Armenian', 'Eastern Armenian']",hy-west,Classical Indo-European,48000,dˌiɹabedum e hˌa͡ɪeɹen  rˌuseɹen  ˌankʰleɹen jev fəɹˌanseɹen lˌezuneɹin,2025-08-29.mp3,Armenian,hy-AM,
2025-08-30,vie,Viet–Mường,"And remember, don't let the wild sunflowers out of your hands.",Và nhớ là đừng rời hoa dã quỳ ra khỏi tay nhớ đấy,Austroasiatic,"['Austroasiatic', 'Vietic', 'Viet-Muong', 'Vietnamese']",vi-hue,Vietic,48000,vˌaː2 ɲəːɜ lˌaː2 ɗy2ŋ ʐəː͡ɪ2 ho͡ə1 ʝaː5 wi2 ʐaː1 xɔ͡ɪ4 t̪a͡ɪ1 ɲəːɜ ɗə͡ɪɜ,2025-08-30.mp3,Vietnamese,vi,
2025-08-31,pan,Sindhi-Lahnda,"Muslims, Christians and Parsis have their own acts.",ਮੁਸਲਮਾਨ ਈਸਾਈ ਅਤੇ ਪਾਰਸੀਆਂ ਦੇ ਆਪਣੇ ਆਪਣੇ ਐਕਟ ਹਨ,Indo-European,"['Indo-European', 'Classical Indo-European', 'Indo-Iranian', 'Indo-Aryan', 'Middle-Modern Indo-Aryan', 'Continental Indo-Aryan', 'Indo-Aryan Northwestern zone', 'Sindhi-Lahnda', 'Greater Panjabic', 'Eastern Panjabic', 'Eastern Panjabi']",pa,Indo-Iranian,48000,mˌʊsələman isai ʌte pˌaɾəsiã de apəɳˌe apəɳˌe ɛkəʈ hən,2025-08-31.mp3,Punjabi,pa-IN,
2025-09-01,cym,Brythonic,He was also a conservative trade unionist.,Roedd hefyd yn undebwr llafur ceidwadol.,Indo-European,"['Indo-European', 'Classical Indo-European', 'Celtic', 'Nuclear Celtic', 'Core Celtic', 'Insular Celtic', 'Brythonic', 'Old-Modern Welsh', 'Welsh']",cy,Celtic,48000,rɔ͡ɨð heːvød ən øndeːbʊr ɬɑːvør kə͡ɪdwɑːdɔl,2025-09-01.mp3,Welsh,cy,
2025-09-02,cat,Romance,Tomorrow Dan and Roc will go to Torrebesses.,Demà en Dan i en Roc iran a Torrebesses.,Indo-European,"['Indo-European', 'Classical Indo-European', 'Italic', 'Latino-Faliscan', 'Latinic', 'Imperial Latin', 'Romance', 'Italo-Western Romance', 'Western Romance', 'Shifted Western Romance', 'Southwestern Shifted Romance', 'Catalan']",ca,Latino-Faliscan,48000,dəma ən dan i ən ɾrok iɾan ɐ tʊɾrəβɛsəs,2025-09-02.mp3,Catalan,ca,
2025-09-03,tur,Western,"Three days later, the ventilator was removed and Lamba was declared dead.",Üç gün sonra solunum cihazı çıkarıldı ve Lamba’nın ölümü ilan edildi.,Turkic,"['Turkic', 'Common Turkic', 'Oghuz', 'Nuclear Oghuz', 'West Oghuz', 'Turkish']",tr,Oghuz,48000,øt͡ʃ ɟøn sɔnra soɫunʊm d͡ʒihazɯ t͡ʃɯkaɾɯɫdɯ vɛ ɫambanɯn œlymø iɫan edɪldɪ,2025-09-03.mp3,Turkish,tr,
2025-09-04,epo,Artificial Language,"He was the first to dare to lay a hand on me, and we fought savagely.","Li la unua kuraĝis meti manon sur min, kaj ni sovaĝe interbatalis.",Artificial Language,"['Artificial Language', 'Artificial Language', 'Artificial Language']",eo,Artificial Language,48000,li la unua kurad͡ʒis meti manon sur min  ka͡ɪ ni sovad͡ʒe ˌinterbatalis,2025-09-04.mp3,Esperanto,eo,
2025-09-05,lav,Eastern Baltic,"Speaking of finesse, this is an expensive restaurant.","Runājot par smalkumu, šis ir dārgs restorāns.",Indo-European,"['Indo-European', 'Classical Indo-European', 'Balto-Slavic', 'Eastern Baltic', 'Latvian']",lv,Balto-Slavic,48000,ʀunaːju͡ot paʀ smalkumu  ʃis iʀ daːʀɡs ʀestoːʀaːns,2025-09-05.mp3,Latvian,lv,
2025-09-06,afr,Macro-Dutch,There are some differences in the format of the volume and page numbers.,Daar is enkele verskille in die formaat van die volume en bladsynommers.,Indo-European,"['Indo-European', 'Classical Indo-European', 'Germanic', 'Northwest Germanic', 'West Germanic', 'Macro-Dutch', 'Middle-Modern Dutch', 'Modern Dutch', 'Global Dutch', 'Afrikaansic', 'Afrikaans']",af,Germanic,48000,dɑːr əs ɛŋkələ fərskələ ən di fɔrmɑːt fɐn di vɔlymə ɛn blɐtsɛ͡ɪnˌɔmərs,2025-09-06.mp3,Afrikaans,af,
2025-09-07,fas,Iranian,She should not put all her inventory up for sale.,نباید تمام موجودی اش را در معرض فروش بگذارد,Indo-European,"['Indo-European', 'Indo-Iranian', 'Iranian']",fa-pin,Indo-Iranian,48000,nabɑjad tamɑm mod͡ʒuːdi aʃ rɑ dar maʔraz foruːʃ beɡozɑrad,2025-09-07.mp3,Persian,fa,
2025-09-08,pol,Lechitic,It contributed to opening a new chapter in the process of building the European Union.,Przyczyniła się do otwarcia nowego rozdziału w procesie budowy Unii Europejskiej,Indo-European,"['Indo-European', 'Classical Indo-European', 'Balto-Slavic', 'Slavic', 'West Slavic', 'Lechitic', 'Polish-Silesian', 'Polish']",pl,Balto-Slavic,48000,pʃˌɨt͡ʃɨɲiwɐ ɕɛ dɔː ˌɔtfarsijɐ nɔvɛɡɔ rɔzd͡ʑawu f prɔt͡sɛɕɛ budɔvɨ uɲʲi ˌɛwrɔpɛjskʲɛj,2025-09-08.mp3,Polish,pl,
2025-09-09,por,Romance,Woman listening to music player while smoking a cigarette.,Mulher que escuta o leitor de música ao fumar um cigarro.,Indo-European,"['Indo-European', 'Classical Indo-European', 'Italic', 'Latino-Faliscan', 'Latinic', 'Imperial Latin', 'Romance', 'Italo-Western Romance', 'Western Romance', 'Shifted Western Romance', 'Southwestern Shifted Romance', 'West Ibero-Romance', 'Galician Romance', 'Macro-Portuguese', 'Brazil-Portugal Portuguese', 'Portuguese']",pt-pt,Latino-Faliscan,48000,muʎɛɹ kɨ ʃkutɐ ʊ le͡ɪtoɹ dɨ muzikɐ a͡ʊ fumaɹ ũŋ sˌiɡaʁʊ,2025-09-09.mp3,Portuguese,pt,
2025-09-10,hye,Armenic,He was one of the best performers of the classical repertoire.,Դասական խաղացանկի լավագույն կատարողներից էր։,Indo-European,"['Indo-European', 'Classical Indo-European', 'Armenic', 'Eastern-Western Armenian', 'Eastern Armenian']",hy,Classical Indo-European,48000,dˌasakan χˌaʀat͡sʰanki lˌavaɡujn kˌataɹˌoʀneɹit͡sʰ er,2025-09-10.mp3,Armenian,hy-AM,
2025-09-11,nld,West Germanic,Everything that has been said about this can be summed up in one word: tear it down.,Alles wat hierover is gezegd kan in één woord worden samengevat: afbreken.,Indo-European,"['Indo-European', 'Classical Indo-European', 'Germanic', 'Northwest Germanic', 'West Germanic', 'Macro-Dutch', 'Middle-Modern Dutch', 'Modern Dutch', 'Global Dutch', 'Dutch']",nl,Germanic,48000,ɑləs ʋɑt hiroːvər ɪs ɣəzɛxt kɑn ɪn eːn ʋɔːrt ʋˌɔrdən saːmənɣəvˌɑt  ɑfbrˌeːkən,2025-09-11.mp3,Dutch,nl,
2025-09-12,ces,Slavic,Most species grow in Indochina and Madagascar.,Nejvíc druhů roste v Indočíně a na Madagaskaru.,Indo-European,"['Indo-European', 'Classical Indo-European', 'Balto-Slavic', 'Slavic', 'West Slavic', 'Czech-Slovak', 'Czech']",cs,Balto-Slavic,48000,ne͡ɪviːd͡ʑ druhuː roste v indot͡ʃˌiːɲe a na madaɡˌaskaru,2025-09-12.mp3,Czech,cs,
2025-09-13,srp,South Slavic,Who can't?,Ко не може?,Indo-European,"['Indo-European', 'Classical Indo-European', 'Balto-Slavic', 'Slavic', 'South Slavic', 'Western South Slavic', 'Serbian-Croatian-Bosnian', 'Shtokavski', 'New Shtokavian', 'Eastern Herzegovinian Shtokavian', 'Serbian Standard']",sr,Balto-Slavic,48000,ko nɛ moʒɛ,2025-09-13.mp3,Serbian,sr,
2025-09-14,cat,Romance,"For Sant Jordi, Roc and Garbí want to go visit my uncle.",Per Sant Jordi en Roc i en Garbí volen anar a visitar mon oncle.,Indo-European,"['Indo-European', 'Classical Indo-European', 'Italic', 'Latino-Faliscan', 'Latinic', 'Imperial Latin', 'Romance', 'Italo-Western Romance', 'Western Romance', 'Shifted Western Romance', 'Southwestern Shifted Romance', 'Catalan']",ca,Latino-Faliscan,48000,pə san ʑorði ən ɾrok i ən ɡɐrβi ʋolən ɐna ɐ ʋizita mon oŋklə,2025-09-14.mp3,Catalan,ca,
2025-09-15,swe,North Germanic,I borrowed it from a guy.,Jag lånade av en karlakarl.,Indo-European,"['Indo-European', 'Classical Indo-European', 'Germanic', 'Northwest Germanic', 'North Germanic', 'North Scandinavian', 'East-Central Swedic', 'East Swedic', 'Swedish']",sv,Germanic,48000,jɑːɡ loːnadə ɑːv ɛn karlakˌarl,2025-09-15.mp3,Swedish,sv-SE,
2025-09-16,swa,Bantoid,Good leadership is very important in many African countries.,uongozi bora ni muhimu sana katika nchi nyingi za kiafrika,Niger-Congo,"['Niger-Congo', 'Atlantic-Congo', 'Bantoid']",sw,Atlantic-Congo,48000,ˌuoŋɡozi bora ni muhimu sana katˌika n̩t͡ʃi ɲiŋɡi za kˌiafrika,2025-09-16.mp3,Swahili,sw,
2025-09-17,dan,North Germanic,Timber made from spruce can have good strength for many years,tømmer lavet af gran kan have god styrke i mange år,Indo-European,"['Indo-European', 'Classical Indo-European', 'Germanic', 'Northwest Germanic', 'North Germanic', 'South Scandinavian', 'Danish']",da,Germanic,48000,tʔ͡œmʔ͡ʌ laʋəð a ɡʁ?͡ɑn kan ha ɡoð stʔ͡yɐ̯kə i m?͡ɑŋə ɒ,2025-09-17.mp3,Danish,da,
2025-09-18,fas,Iranian,Color cannot be felt by touch.,رنگ را نمیشود با لمس کردن احساس کرد.,Indo-European,"['Indo-European', 'Indo-Iranian', 'Iranian']",fa-pin,Indo-Iranian,48000,ranɡ rɑ nemiʃavad bɑ lams kardan ehsɑs kard,2025-09-18.mp3,Persian,fa,
2025-09-19,mkd,South Slavic,Some new force was chasing me down the steep street.,Некоја нова сила ме гонеше низ стрмната улица.,Indo-European,"['Indo-European', 'Classical Indo-European', 'Balto-Slavic', 'Slavic', 'South Slavic', 'Eastern South Slavic', 'Macedo-Bulgarian', 'Macedonian']",mk,Balto-Slavic,48000,nekojˌæ novæ silæ me ɡoneʃˌe niz str̩mnætˌæ ulɪt͡sˌæ,2025-09-19.mp3,Macedonian,mk,
2025-09-20,ita,Romance,"Poirot then suggests holding a séance, and the others reluctantly agree.","Poirot suggerisce allora di fare una seduta spiritica, e gli altri accettano con riluttanza.",Indo-European,"['Indo-European', 'Classical Indo-European', 'Italic', 'Latino-Faliscan', 'Latinic', 'Imperial Latin', 'Romance', 'Italo-Western Romance', 'Italo-Dalmatian', 'Italian Romance', 'Italian']",it,Latino-Faliscan,48000,pɔɪrot sˌʊd͡ʒːeriːʃe alloːra dˌɪ fˌare ˌʊna seduːta spiritika  ˌe ʎˌɪ altrɪ at͡ʃːetːano kˌon rˌilʊtːant͡sa,2025-09-20.mp3,Italian,it,
2025-09-21,slk,West Slavic,disagreement,nesúhlas,Indo-European,"['Indo-European', 'Classical Indo-European', 'Balto-Slavic', 'Slavic', 'West Slavic', 'Czech-Slovak', 'Slovak']",sk,Balto-Slavic,48000,ɲesuːhlas,2025-09-21.mp3,Slovak,sk,
2025-09-22,bul, Slavic,"It is located three hours away from Stara Zagora, surrounded by Turkish villages.","Тя се намира от Стара Загора на три часа разстояние, заобиколена с турски села.",Indo-European,"['Indo-European', 'Classical Indo-European', 'Balto-Slavic', 'Slavic', 'South Slavic', 'Eastern South Slavic', 'Macedo-Bulgarian', 'Bulgarian']",bg,Balto-Slavic,48000,tʲa se namirɐ ot starɐ zaɡorɐ natriː t͡ʃasɐ rˌɐsstojaniˌe  zˌɐobˌikolenɐ sturskiː seɫɐ,2025-09-22.mp3,Bulgarian,bg,
2025-09-23,nep,Eastern Pahari,"A movie you like is good for you, a movie you don't like is bad for you.","तपाईंलाई मन परेको फिल्म तपाईंका लागि राम्रो, नपरेको नराम्रो ।",Indo-European,"['Indo-European', 'Classical Indo-European', 'Indo-Iranian', 'Indo-Aryan', 'Middle-Modern Indo-Aryan', 'Continental Indo-Aryan', 'Midlands Indo-Aryan', 'Indo-Aryan Northern zone', 'Eastern Pahari']",ne,Indo-Iranian,48000,tˌəpaːɪːnlaːˌiː mʌn pəɾeːkoː pʰɪlmə tˌəpaːɪːŋkaː laːɡɪ ɾaːmɾoː nˌəpəɾeːkoː nəɾaːmɾoː puɾɳˌəwiɾaːm,2025-09-23.mp3,Nepali,ne-NP,
2025-09-24,deu,High German,The former Catholic chapel of the old Krupp settlement Altenhof is now the rebuilt hospital chapel.,Die ehemalige katholische Kapelle der alten Krupp-Siedlung Altenhof ist heute die wieder errichtete Krankenhauskapelle.,Indo-European,"['Indo-European', 'Classical Indo-European', 'Germanic', 'Northwest Germanic', 'West Germanic', 'High German', 'Upper German', 'Middle-Modern High German', 'Modern High German', 'Upper Franconian', 'Global German', 'German']",de,Germanic,48000,diː eːeːmˌɑlɪɡə kathoːlɪʃə kapɛlə dɛɾ altən krʊpziːdlʊŋ altənhˌoːf ɪst hɔ͡øtə diː viːdɜ ɛɾrɪçtətə krˌankənhˌa͡ʊskapɛlə,2025-09-24.mp3,German,de,
2025-09-25,spa,Romance,The President may only be re-elected for a second term.,El Presidente solo podrá ser reelegido para un segundo mandato.,Indo-European,"['Indo-European', 'Classical Indo-European', 'Italic', 'Latino-Faliscan', 'Latinic', 'Imperial Latin', 'Romance', 'Italo-Western Romance', 'Western Romance', 'Shifted Western Romance', 'Southwestern Shifted Romance', 'West Ibero-Romance', 'Castilic', 'Spanish']",es-la,Latino-Faliscan,48000,el pɾˌesiðɛnte solo pɔðɾa sɛɾ rˌeelexiðo pˌaɾa un seɣundo mandato,2025-09-25.mp3,Spanish,es,
2025-09-26,por,Romance,A boy is kicking a blue ball on the carpet surrounded by toys.,Um menino está chutando uma bola azul no tapete cercado por brinquedos.,Indo-European,"['Indo-European', 'Classical Indo-European', 'Italic', 'Latino-Faliscan', 'Latinic', 'Imperial Latin', 'Romance', 'Italo-Western Romance', 'Western Romance', 'Shifted Western Romance', 'Southwestern Shifted Romance', 'West Ibero-Romance', 'Galician Romance', 'Macro-Portuguese', 'Brazil-Portugal Portuguese', 'Portuguese']",pt-br,Latino-Faliscan,48000,ũŋ mˌeninw estˌa ʃˌutɐ̃ŋdw ˌumæ bɔlæ azuw nʊ tˌapet͡ʃy sˌeɾəkadʊ por brˌiŋkedʊs,2025-09-26.mp3,Portuguese,pt,
2025-09-27,zho,Sinitic,At first I thought it was coming,一開始以為來了,Sino-Tibetan,"['Sino-Tibetan', 'Sinitic', 'Sinitic']",zh,Sinitic,48000,ji5 k͡ha͡i5 s.i.ɜ ji2 we͡i5 la͡iɜ ləɜ,2025-09-27.mp3,Mandarin,zh-TW,
2025-09-28,hye,Armenic,He is considered one of the most famous actors in Indian cinema.,Համարվում է հնդկական կինոյի ամենահայտնի դերասաններից։,Indo-European,"['Indo-European', 'Classical Indo-European', 'Armenic', 'Eastern-Western Armenian', 'Eastern Armenian']",hy-west,Classical Indo-European,48000,hˌamarvum e həntʰɡaɡan ɡˌinuji ˌamenˌaha͡ɪdni tʰˌeɹasˌanneɹit͡sʰ,2025-09-28.mp3,Armenian,hy-AM,
2025-09-29,hin,Shaurasenic,"Madhuri looks charming in the film 'Dedh Ishqiya', see the first look","फिल्म 'डेढ़ इश्किया' में दिलकश दिख रही हैं माधुरी, देखें फर्स्ट लुक",Indo-European,"['Indo-European', 'Classical Indo-European', 'Indo-Iranian', 'Indo-Aryan', 'Middle-Modern Indo-Aryan', 'Continental Indo-Aryan', 'Midlands Indo-Aryan', 'Shaurasenic', 'Indo-Aryan Central zone', 'Western Hindi', 'Hindustani', 'Hindi']",hi,Indo-Iranian,48000,pʰɪlmə ɖeːr.h ɪʃkɪjˌaː mẽː dɪləkˌəʃ dɪkʰ ɾˌəhi hɛ̃ maːdʰʊɾˌi deːkʰẽː pʰʌɾsʈ lʊk,2025-09-29.mp3,Hindi,hi,
2025-09-30,vie,Viet-Muong,Then will turn into a ghost soldier to serve the devil,Thì sẽ biến thành âm binh làm tay sai cho quỷ,Austroasiatic,"['Austroasiatic', 'Vietic', 'Viet-Muong', 'Vietnamese']",vi,Vietic,48000,tˌi2 ʂˌɛ5 bi͡ɛɜn taː2ɲ ə1m bi1ɲ laː2m t̪a͡ɪ1 ʂaː͡ɪ1 t͡ɕˌɔ1 wi4,2025-09-30.mp3,Vietnamese,vi,
2025-10-01,cym,Brythonic,,"Ystyr ei enw yw ""wedi'i falu ag wyau"" yn Sbaeneg.",Indo-European,"['Indo-European', 'Classical Indo-European', 'Celtic', 'Nuclear Celtic', 'Core Celtic', 'Insular Celtic', 'Brythonic', 'Old-Modern Welsh', 'Welsh']",cy,Celtic,48000,ʌstør ə͡ɪ ɛnʊ ɨ͡u wɛdiːɨ valø ɑːɡ u͡ɨa͡ɨ ən sbɑ͡ɨnɛɡ,2025-10-01.mp3,Welsh,cy,
2025-10-02,rus,East Slavic,"At the high-level meeting five years ago, Ireland made a very specific commitment.",На заседании высокого уровня пять лет назад Ирландия взяла на себя весьма конкретное обязательство.,Indo-European,"['Indo-European', 'Classical Indo-European', 'Balto-Slavic', 'Slavic', 'East Slavic', 'Russian']",ru,Balto-Slavic,48000,na zʌsʲidɑniɪ vysokʌvʌ urovnʌ pʲɑtʲ ɭet nazɑt ɪrɭɑndʲij͡a vʑɑɭa na sʲebʲʌ vʲesʲma kʌnkrʲetnʌjɪ ʌbʲazɑtʲiɭstvʌ,2025-10-02.mp3,Russian,ru,
2025-10-03,pan,Sindhi-Lahnda,While this is Sania's first Grand Slam,ਜਦਕਿ ਸਾਨੀਆ ਦਾ ਇਹ ਪਹਿਲਾ ਗ੍ਰੈਂਡ ਸਲੈਮ ਹੈ,Indo-European,"['Indo-European', 'Classical Indo-European', 'Indo-Iranian', 'Indo-Aryan', 'Middle-Modern Indo-Aryan', 'Continental Indo-Aryan', 'Indo-Aryan Northwestern zone', 'Sindhi-Lahnda', 'Greater Panjabic', 'Eastern Panjabic', 'Eastern Panjabi']",pa,Indo-Iranian,48000,ɟʌdəkˌɪ sania da ɪh pʌhɪlˌa ɡɾɛ̃ɖ səlɛm hɛ,2025-10-03.mp3,Punjabi,pa-IN,
2025-10-04,tur,Western,"Kerim Agha weighed it with her eyes and said: ""Take it to the town market tomorrow.""","Kerim Ağa, gözleriyle bir tarttıktan sonra: ""Yarın kasabaya pazara götür.""",Turkic,"['Turkic', 'Common Turkic', 'Oghuz', 'Nuclear Oghuz', 'West Oghuz', 'Turkish']",tr,Oghuz,48000,ceɾɪm aː  ɟœzleɾɪjlɛ bɪr tarttɯktan sɔnra  jaɾɯn kasabaja pazaɾa ɟœtør,2025-10-04.mp3,Turkish,tr,
2025-10-05,spa,Romance,"The study took place in the city of Quito, Pichincha, Ecuador.","El estudio tomó lugar en la ciudad de Quito, Pichincha, Ecuador.",Indo-European,"['Indo-European', 'Classical Indo-European', 'Italic', 'Latino-Faliscan', 'Latinic', 'Imperial Latin', 'Romance', 'Italo-Western Romance', 'Western Romance', 'Shifted Western Romance', 'Southwestern Shifted Romance', 'West Ibero-Romance', 'Castilic', 'Spanish']",es,Latino-Faliscan,48000,el estuðjo tomɔ luɣaɾ ɛn la θjuðad ðe kito  pit͡ʃint͡ʃa  ˌekwaðɔɾ,2025-10-05.mp3,Spanish,es,
2025-10-06,vie,Viet–Mường,"Unable to escape, he also killed his relatives and friends.",Không thể thoát được mà còn hại chết cả người thân và bạn bè,Austroasiatic,"['Austroasiatic', 'Vietic', 'Viet-Muong', 'Vietnamese']",vi-sgn,Vietic,48000,xˌo1 te4 to͡əɜk͡h ɗˌy͡ə6k͡h mˌaː2 ɡˌɔ2ŋ haː͡ɪ6 cəːɜk͡h ɡaː4 ŋy͡ə2j tə1ŋ ʝˌaː2 baː6ŋ bɛ2,2025-10-06.mp3,Vietnamese,vi,
2025-10-07,ell,Modern Koineic,"""Old man!""",Παλιάνθρωπε! φώναξε και ρίχθηκε πάνω του,Indo-European,"['Indo-European', 'Classical Indo-European', 'Graeco-Phrygian', 'Greek', 'South Greek', 'Central Greek', 'Koineic Greek', 'Modern Koineic Greek', 'Nuclear Modern Greek', 'Modern Greek']",el,Graeco-Phrygian,48000,paʎanθropˌe  fonaksˌe ke rixθicˌe pano tu,2025-10-07.mp3,Greek,el,
